,ex,k,distance,mink_power,decision,weighting,mean_sc,std_sc,mean_time,std_time
0,ex_0,1,minkowski,1,majority,equal,0.9939052742148167,0.0012219616959598645,3.4958492040634157,0.05641885353627387
1,ex_1,1,minkowski,1,majority,relieff,0.9883573255928031,0.002492694454537915,3.7472105741500856,0.15168863589443193
2,ex_2,1,minkowski,1,majority,IG,0.9887199730755082,0.003596941874436258,3.7167370319366455,0.08924221898369603
3,ex_3,1,minkowski,1,IDW,equal,0.9939052742148167,0.0012219616959598645,3.851625418663025,0.19436490774326187
4,ex_4,1,minkowski,1,IDW,relieff,0.9883573255928031,0.002492694454537915,4.04708948135376,0.14978383738166332
5,ex_5,1,minkowski,1,IDW,IG,0.9886288149198373,0.003021132002729684,3.8952778339385987,0.10044276685083146
6,ex_6,1,minkowski,1,sheppard,equal,0.9939052742148167,0.0012219616959598645,3.5780964851379395,0.09684942631099283
7,ex_7,1,minkowski,1,sheppard,relieff,0.9883573255928031,0.002492694454537915,3.789278674125671,0.16529847150504443
8,ex_8,1,minkowski,1,sheppard,IG,0.9885379055296337,0.002671771044181904,3.794456386566162,0.15388493506641432
9,ex_9,1,minkowski,2,majority,equal,0.9933588264266794,0.0016299244464526143,3.5535733699798584,0.09802917937211583
10,ex_10,1,minkowski,2,majority,relieff,0.9893571625577744,0.001989902638100753,3.662748026847839,0.13656504115139817
11,ex_11,1,minkowski,2,majority,IG,0.9911761775892917,0.003329226577908821,3.6618510723114013,0.15110967394534325
12,ex_12,1,minkowski,2,IDW,equal,0.9933588264266794,0.0016299244464526143,3.9382568120956423,0.18946952088060792
13,ex_13,1,minkowski,2,IDW,relieff,0.9893571625577744,0.001989902638100753,4.140733075141907,0.30675522376131514
14,ex_14,1,minkowski,2,IDW,IG,0.9915397331873473,0.0034280193536474312,3.9552597284317015,0.17788682194150574
15,ex_15,1,minkowski,2,sheppard,equal,0.9933588264266794,0.0016299244464526143,3.5290770292282105,0.08340500218453271
16,ex_16,1,minkowski,2,sheppard,relieff,0.9893571625577744,0.001989902638100753,3.7053372621536256,0.20242464176925737
17,ex_17,1,minkowski,2,sheppard,IG,0.9907208864525463,0.003223428883782733,3.630076694488525,0.04725575453166731
18,ex_18,3,minkowski,1,majority,equal,0.9932686609151021,0.0015832003911965987,3.478554344177246,0.1477542317807363
19,ex_19,3,minkowski,1,majority,relieff,0.9883567465499018,0.002747923657845806,3.792098116874695,0.22854680775756225
20,ex_20,3,minkowski,1,majority,IG,0.9885367480494027,0.0026447393736441366,3.805512261390686,0.12177071754923104
21,ex_21,3,minkowski,1,IDW,equal,0.9936327951036258,0.0020722661455632946,4.025669193267822,0.12024836170515103
22,ex_22,3,minkowski,1,IDW,relieff,0.9886294754775818,0.002763017676839851,4.11621675491333,0.17498244150666664
23,ex_23,3,minkowski,1,IDW,IG,0.988536913790818,0.002968975407967653,3.9554322481155397,0.09585799600935795
24,ex_24,3,minkowski,1,sheppard,equal,0.9932686609151021,0.0015832003911965987,3.7062398910522463,0.15642757529800214
25,ex_25,3,minkowski,1,sheppard,relieff,0.9883567465499018,0.002747923657845806,3.869671440124512,0.23193511517746848
26,ex_26,3,minkowski,1,sheppard,IG,0.9882643513562808,0.0030017373687627855,3.973982810974121,0.09765076548618641
27,ex_27,3,minkowski,2,majority,equal,0.9930872558816315,0.0017303603413183247,3.637341046333313,0.10502615763590677
28,ex_28,3,minkowski,2,majority,relieff,0.9902659240869032,0.0015233181123455763,3.8132796049118043,0.14470101287876128
29,ex_29,3,minkowski,2,majority,IG,0.9905381565453538,0.003053059935737747,3.9065084218978883,0.1365713031431659
30,ex_30,3,minkowski,2,IDW,equal,0.9938151097546735,0.0019385646340986129,3.9480504751205445,0.16347713824746457
31,ex_31,3,minkowski,2,IDW,relieff,0.9906296446742344,0.0014119132660139514,4.14057228565216,0.08139586933828555
32,ex_32,3,minkowski,2,IDW,IG,0.9909923727734873,0.0031411500605620997,4.248030352592468,0.23718185335062983
33,ex_33,3,minkowski,2,sheppard,equal,0.9930872558816315,0.0017303603413183247,3.813688135147095,0.1519710525203146
34,ex_34,3,minkowski,2,sheppard,relieff,0.9902659240869032,0.0015233181123455763,3.614872121810913,0.2652747893537396
35,ex_35,3,minkowski,2,sheppard,IG,0.9907200575976736,0.0030421332517680194,3.4482093811035157,0.07807114235486988
36,ex_36,5,minkowski,1,majority,equal,0.992995602911684,0.002151035807854953,3.279341793060303,0.06656901289187078
37,ex_37,5,minkowski,1,majority,relieff,0.9865363278337416,0.0026907896547075753,3.410858130455017,0.08929768279919373
38,ex_38,5,minkowski,1,majority,IG,0.9887202191296591,0.0031543032698974098,3.405540943145752,0.08503695281339584
39,ex_39,5,minkowski,1,IDW,equal,0.9929956857821856,0.0023706533775701734,3.512524938583374,0.07630868562015458
40,ex_40,5,minkowski,1,IDW,relieff,0.9867186427865482,0.00254273361344297,3.680597925186157,0.1785195512783592
41,ex_41,5,minkowski,1,IDW,IG,0.9888106318995478,0.0025088402435805876,3.521586608886719,0.11686323528729796
42,ex_42,5,minkowski,1,sheppard,equal,0.992995602911684,0.002151035807854953,3.3315564393997192,0.10074123174800713
43,ex_43,5,minkowski,1,sheppard,relieff,0.9865363278337416,0.0026907896547075753,3.5981431007385254,0.22538343878176073
44,ex_44,5,minkowski,1,sheppard,IG,0.9892660868234613,0.0026893757046530086,3.4508580684661867,0.14535699314818828
45,ex_45,5,minkowski,2,majority,equal,0.9923591527956187,0.001682515350155842,3.3011529207229615,0.07325769337529105
46,ex_46,5,minkowski,2,majority,relieff,0.9889002168631208,0.0027239597869221197,3.3461965799331663,0.05757576024457368
47,ex_47,5,minkowski,2,majority,IG,0.9916312190626861,0.0023979222040081604,3.3646257162094115,0.07862932531176534
48,ex_48,5,minkowski,2,IDW,equal,0.9930875022375416,0.0018220709356128698,3.593088483810425,0.06980293451002756
49,ex_49,5,minkowski,2,IDW,relieff,0.9889002997336224,0.0028428672465598877,3.599845623970032,0.06612536213760888
50,ex_50,5,minkowski,2,IDW,IG,0.9909034483623174,0.002071123475877441,3.635094094276428,0.04715996294510602
51,ex_51,5,minkowski,2,sheppard,equal,0.9923591527956187,0.001682515350155842,3.3779680252075197,0.04888999903092076
52,ex_52,5,minkowski,2,sheppard,relieff,0.9889002168631208,0.0027239597869221197,3.459445333480835,0.07061081782996528
53,ex_53,5,minkowski,2,sheppard,IG,0.9912670844241944,0.0021196496814641307,3.4297292947769167,0.06973336513653963
54,ex_54,7,minkowski,1,majority,equal,0.9914484059832327,0.0012971422157925434,3.2431179761886595,0.05014474640414938
55,ex_55,7,minkowski,1,majority,relieff,0.9859898774874264,0.002547896657955641,3.332614779472351,0.09506066734340723
56,ex_56,7,minkowski,1,majority,IG,0.9883557546632895,0.003093170120892771,3.6938391447067263,0.15361205288974003
57,ex_57,7,minkowski,1,IDW,equal,0.9919946059115926,0.0016138058082141226,3.7906182289123533,0.0933297026615298
58,ex_58,7,minkowski,1,IDW,relieff,0.9864452510447052,0.0025530428861199645,3.8285314321517943,0.061171264216166775
59,ex_59,7,minkowski,1,IDW,IG,0.9891755107188376,0.0030536416582386725,3.9445021629333494,0.12456048479274241
60,ex_60,7,minkowski,1,sheppard,equal,0.9914484059832327,0.0012971422157925434,3.6785566091537474,0.1266454962116663
61,ex_61,7,minkowski,1,sheppard,relieff,0.9859898774874264,0.002547896657955641,3.8083446264266967,0.1376527603016964
62,ex_62,7,minkowski,1,sheppard,IG,0.9884472435467744,0.0036616756101042233,3.8314127922058105,0.12647481462738724
63,ex_63,7,minkowski,2,majority,equal,0.9919041099690311,0.0018344749657073468,3.5772362470626833,0.05380248016183251
64,ex_64,7,minkowski,2,majority,relieff,0.9887191415093189,0.002159843428935037,3.808173322677612,0.15611419598682966
65,ex_65,7,minkowski,2,majority,IG,0.9896307999013357,0.002264702470613285,3.8345103740692137,0.1031426561133702
66,ex_66,7,minkowski,2,IDW,equal,0.9925414674495434,0.0017563586774247814,3.9271512985229493,0.15289132352215734
67,ex_67,7,minkowski,2,IDW,relieff,0.9893562511296418,0.0025406322520227765,4.2595991611480715,0.23236808179636273
68,ex_68,7,minkowski,2,IDW,IG,0.989540139573017,0.0025735861261724667,4.241420030593872,0.10625396452829353
69,ex_69,7,minkowski,2,sheppard,equal,0.9919041099690311,0.0018344749657073468,3.935128855705261,0.13635543244180798
70,ex_70,7,minkowski,2,sheppard,relieff,0.9887191415093189,0.002159843428935037,3.9903668403625487,0.24779153539669305
71,ex_71,7,minkowski,2,sheppard,IG,0.9893576587281213,0.0025696092370741538,3.4559860944747927,0.09314715783513579
72,ex_72,1,cosine,,majority,equal,0.603531127949122,0.010661076702414427,3.094944930076599,0.03851654375413463
73,ex_73,1,cosine,,majority,relieff,0.4270382337283537,0.0116252805849824,3.076535964012146,0.03659843279077278
74,ex_74,1,cosine,,majority,IG,0.505900849797665,0.017856418025769365,3.097281575202942,0.04634435010466121
75,ex_75,1,cosine,,IDW,equal,0.603531127949122,0.010661076702414427,3.319191002845764,0.021120001313911427
76,ex_76,1,cosine,,IDW,relieff,0.4270382337283537,0.0116252805849824,3.4732165575027465,0.23692172523559157
77,ex_77,1,cosine,,IDW,IG,0.5083614293019993,0.015150538581220781,3.3095478057861327,0.148874363953145
78,ex_78,1,cosine,,sheppard,equal,0.603531127949122,0.010661076702414427,3.1524091243743895,0.029742101872170225
79,ex_79,1,cosine,,sheppard,relieff,0.4270382337283537,0.0116252805849824,3.1711107969284056,0.072065657098248
80,ex_80,1,cosine,,sheppard,IG,0.503537784210385,0.01794921245686338,3.142899441719055,0.07583926261341505
81,ex_81,3,cosine,,majority,equal,0.6319214511236733,0.010849147249237787,3.3335893630981444,0.24526087011293124
82,ex_82,3,cosine,,majority,relieff,0.4400543886435626,0.009074691807337084,3.2186031103134156,0.10358328368165233
83,ex_83,3,cosine,,majority,IG,0.5525940468920865,0.011932075209888291,3.1104456424713134,0.07166988653370371
84,ex_84,3,cosine,,IDW,equal,0.6340133573637066,0.010330927734097483,3.4088315963745117,0.09872844701690363
85,ex_85,3,cosine,,IDW,relieff,0.4416933193075421,0.00931497733232582,3.3922973394393923,0.04504039864502577
86,ex_86,3,cosine,,IDW,IG,0.5557719048903701,0.015108953681354039,3.3431429147720335,0.028945792500877275
87,ex_87,3,cosine,,sheppard,equal,0.6319214511236733,0.010849147249237787,3.2504865646362306,0.04868065347611582
88,ex_88,3,cosine,,sheppard,relieff,0.4400543886435626,0.009074691807337084,3.1093425035476683,0.04144970437780945
89,ex_89,3,cosine,,sheppard,IG,0.5538637884151395,0.014482865431555214,3.1741191148757935,0.08060936791443826
90,ex_90,5,cosine,,majority,equal,0.643659835701821,0.012621139831830486,3.135087752342224,0.08189497794252609
91,ex_91,5,cosine,,majority,relieff,0.44760457462010084,0.00963056774437278,3.121209669113159,0.047344598760170595
92,ex_92,5,cosine,,majority,IG,0.565785069695367,0.01705432807750566,3.0935884714126587,0.05465524657743415
93,ex_93,5,cosine,,IDW,equal,0.6444755401235136,0.011176704015196662,3.4121857643127442,0.06471586607561447
94,ex_94,5,cosine,,IDW,relieff,0.44796862518310665,0.009135350840283066,3.2610237121582033,0.05087785337614238
95,ex_95,5,cosine,,IDW,IG,0.569971859344075,0.01688796665508029,3.2681264638900758,0.07455431707767955
96,ex_96,5,cosine,,sheppard,equal,0.643659835701821,0.012621139831830486,3.169939422607422,0.10920613306478044
97,ex_97,5,cosine,,sheppard,relieff,0.44760457462010084,0.00963056774437278,3.208047103881836,0.10937623265626299
98,ex_98,5,cosine,,sheppard,IG,0.5669636663031872,0.012620810913949211,3.3499170303344727,0.16300438639158227
99,ex_99,7,cosine,,majority,equal,0.6585788896927273,0.011897644601863619,3.2180049896240233,0.09336457111874227
100,ex_100,7,cosine,,majority,relieff,0.4621688333737148,0.012662741100226256,3.142974853515625,0.10821135117795122
101,ex_101,7,cosine,,majority,IG,0.5793381606338228,0.016727067878592485,3.089282822608948,0.06934945506176832
102,ex_102,7,cosine,,IDW,equal,0.6592140168893176,0.011266614504879402,3.284669208526611,0.054052549346147866
103,ex_103,7,cosine,,IDW,relieff,0.46225908190646725,0.012521918823164715,3.4013821363449095,0.18270686261843547
104,ex_104,7,cosine,,IDW,IG,0.5796918727021169,0.016295647222337586,3.283379006385803,0.05810842010281281
105,ex_105,7,cosine,,sheppard,equal,0.6585788896927273,0.011897644601863619,3.1913857221603394,0.07571415951329445
106,ex_106,7,cosine,,sheppard,relieff,0.4621688333737148,0.012662741100226256,3.1388022899627686,0.10009245105870211
107,ex_107,7,cosine,,sheppard,IG,0.5761558393761128,0.016223806404089134,3.0569763660430906,0.02616964183310251
